{"x":-0.9195802319,"y":-0.8247947238,"z":-0.4076249244}
{"x":1.0722424462,"y":0.1221523717,"z":-0.3752450816}
{"x":-1.9415604155,"y":-1.4317486547,"z":-0.8169376981}
{"x":-1.1096275215,"y":1.1763791427,"z":0.0334929654}
{"x":6.0457971217,"y":-0.5015633555,"z":0.5455897169}
{"x":3.7627157678,"y":1.3384561645,"z":-0.4645547016}
{"x":-1.0278415207,"y":1.2680056848,"z":-0.403484417}
{"x":-2.3302254538,"y":0.9288934487,"z":-0.3210636676}
{"x":-2.1107475328,"y":-2.1879442054,"z":4.3789066073}
{"x":-2.3445360217,"y":1.6121005695,"z":1.2773479979}
{"x":1.9759074139,"y":-2.4400154351,"z":-0.3511604455}
{"x":-1.3149816815,"y":-0.4607527317,"z":-0.3013370553}
{"x":-1.8188428377,"y":0.5060974765,"z":-0.709065516}
{"x":-0.2494410115,"y":-3.8728090274,"z":-0.0453821739}
{"x":-0.1226495158,"y":-4.2974407383,"z":-0.465332474}
{"x":0.5213528137,"y":-3.3310289353,"z":-0.71435999}
{"x":0.526207492,"y":5.4550119926,"z":0.0646152594}
{"x":0.6545960304,"y":2.0594398502,"z":-0.8552599497}
{"x":4.4030008648,"y":0.757996343,"z":-0.7809211243}
{"x":5.6956895516,"y":-0.5375090034,"z":1.17785253}
{"x":-0.1972025599,"y":3.2728712661,"z":0.1442852487}
{"x":-0.9241749476,"y":-1.5176465084,"z":-2.3441144387}
{"x":-1.3172521586,"y":0.7237916224,"z":-0.4756823021}
{"x":-2.1984200871,"y":-0.5458773113,"z":-0.8187273258}
{"x":-2.3060006704,"y":-0.5562224045,"z":-2.1255884629}
{"x":1.4467308347,"y":0.2841141827,"z":-0.3250253179}
{"x":5.6346528377,"y":0.1996087039,"z":1.4244852349}
{"x":-0.9409547882,"y":-2.3835415908,"z":-0.2281776849}
{"x":-0.8788946007,"y":4.977044553,"z":0.4349298885}
{"x":-1.9330413039,"y":-3.2331850607,"z":-1.4050659761}
{"x":-1.7190471023,"y":1.2510208239,"z":1.422017799}
{"x":-1.4647927556,"y":0.9737677858,"z":-0.4211169958}
{"x":-0.8871831197,"y":2.1572165355,"z":-1.0543658232}
{"x":1.7653495017,"y":-2.0568406539,"z":-0.3755074095}
{"x":-1.1017702379,"y":2.3660199778,"z":-0.0960115099}
{"x":-2.3454745998,"y":-1.2510681549,"z":5.7775892179}
