{"x":-0.9195802567,"y":-0.8247945959,"z":-0.4076600151}
{"x":1.0722424099,"y":0.1221523693,"z":-0.3753159075}
{"x":-1.9415604278,"y":-1.4317486278,"z":-0.8169464793}
{"x":-1.1096275019,"y":1.1763790258,"z":0.0334460074}
{"x":6.0457970968,"y":-0.5015633562,"z":0.5455648649}
{"x":3.7627158444,"y":1.3384561509,"z":-0.4644365095}
{"x":-1.027841445,"y":1.268005379,"z":-0.4034611008}
{"x":-2.3302255777,"y":0.9288937668,"z":-0.3211204051}
{"x":-2.1107475116,"y":-2.187944262,"z":4.3789727721}
{"x":-2.3445360785,"y":1.6121007404,"z":1.2772599866}
{"x":1.9759074392,"y":-2.4400153071,"z":-0.3511021873}
{"x":-1.3149816975,"y":-0.4607526115,"z":-0.3013273996}
{"x":-1.8188428353,"y":0.5060974878,"z":-0.7090849366}
{"x":-0.2494410623,"y":-3.8728090586,"z":-0.045519607}
{"x":-0.1226494508,"y":-4.2974407435,"z":-0.4652046143}
{"x":0.5213528584,"y":-3.3310290297,"z":-0.7142894498}
{"x":0.5262074727,"y":5.4550120541,"z":0.0646197559}
{"x":0.654596031,"y":2.0594398684,"z":-0.8552230542}
{"x":4.4030008497,"y":0.7579961513,"z":-0.7809873035}
{"x":5.6956895591,"y":-0.5375090114,"z":1.1778547263}
{"x":-0.1972025169,"y":3.2728712906,"z":0.1443501961}
{"x":-0.9241749868,"y":-1.5176463939,"z":-2.3441600922}
{"x":-1.3172521644,"y":0.7237916897,"z":-0.4756613241}
{"x":-2.1984200811,"y":-0.5458773965,"z":-0.8187357253}
{"x":-2.3060006348,"y":-0.5562225161,"z":-2.1255565833}
{"x":1.4467308248,"y":0.2841142506,"z":-0.3250582183}
{"x":5.6346528081,"y":0.1996087307,"z":1.4244382701}
{"x":-0.9409547836,"y":-2.3835416118,"z":-0.2281785926}
{"x":-0.8788946387,"y":4.9770446228,"z":0.434900137}
{"x":-1.9330413247,"y":-3.2331851548,"z":-1.4050973381}
{"x":-1.7190471042,"y":1.2510207776,"z":1.4219624676}
{"x":-1.4647927006,"y":0.9737676496,"z":-0.4210952693}
{"x":-0.8871830754,"y":2.1572165046,"z":-1.0542508107}
{"x":1.7653494398,"y":-2.0568404327,"z":-0.3755277885}
{"x":-1.1017701938,"y":2.3660197862,"z":-0.0959767658}
{"x":-2.3454745837,"y":-1.2510681868,"z":5.7776082939}
